提交id,用户id,题目名称,提交语言,提交状态,提交时间,代码详细,占用时间,占用内存
79694589,374244941,不神秘签到,GCC,答案正确,2025/10/18 13:00,,2,324
79694590,374244941,不神秘签到,GCC,答案正确,2025/10/18 13:00,,1,192
79694591,178515278,不神秘签到,C++,答案正确,2025/10/18 13:00,,3,400
79694592,391034496,不神秘签到,C++,答案正确,2025/10/18 13:01,,2,312
79694594,556124624,不神秘签到,C++,答案正确,2025/10/18 13:01,,3,300
79694599,792631910,不神秘签到,C++,答案正确,2025/10/18 13:01,,2,320
79694600,565818808,不神秘签到,C,答案正确,2025/10/18 13:01,,1,204
79694601,390876669,不神秘签到,Python 3,答案正确,2025/10/18 13:01,,29,4472
79694603,518693585,不神秘签到,Python,答案正确,2025/10/18 13:02,,10,2832
79694604,246258580,不神秘签到,C++,答案正确,2025/10/18 13:02,,3,384
79694607,698535729,不神秘签到,C,答案正确,2025/10/18 13:02,,1,352
79694612,518693585,不神秘签到,Python,答案正确,2025/10/18 13:02,,12,2944
79694613,416196197,不神秘签到,C,答案正确,2025/10/18 13:02,,1,184
79694616,698535729,不神秘签到,C,答案正确,2025/10/18 13:02,,1,216
79694620,393305412,不神秘签到,C,答案正确,2025/10/18 13:03,,2,304
79694622,393305412,不神秘签到,C,答案正确,2025/10/18 13:03,,1,296
79694627,876736250,不神秘签到,C++,答案正确,2025/10/18 13:03,,2,344
79694629,246258580,DidUKnow?,C++,答案正确,2025/10/18 13:03,,9,456
79694635,937020084,不神秘签到,C,答案正确,2025/10/18 13:03,,2,292
79694636,406798579,不神秘签到,C,答案正确,2025/10/18 13:03,,2,296
79694639,502269390,不神秘签到,Pypy3,答案正确,2025/10/18 13:04,,47,21108
79694643,956979518,不神秘签到,Pypy3,答案正确,2025/10/18 13:04,,50,21104
79694647,246258580,神秘计数,C++,答案正确,2025/10/18 13:04,,3,676
79694650,555362745,不神秘签到,C++,答案正确,2025/10/18 13:04,,2,292
79694653,555362745,不神秘签到,C++,答案正确,2025/10/18 13:05,,2,384
79694660,518693585,不神秘签到,Python,答案正确,2025/10/18 13:05,,13,2944
79694666,391034496,神秘字符串,C++,答案正确,2025/10/18 13:05,,3,400
79694676,389343658,不神秘签到,C,答案正确,2025/10/18 13:06,,2,304
79694678,178515278,DidUKnow?,C++,编译错误,2025/10/18 13:06,,0,0
79694683,243140229,不神秘签到,Python 3,答案错误,2025/10/18 13:07,,30,4472
79694686,178515278,DidUKnow?,C++,答案错误,2025/10/18 13:07,,101,620
79694688,243140229,不神秘签到,Python 3,答案错误,2025/10/18 13:07,,29,4480
79694690,178515278,DidUKnow?,C++,答案错误,2025/10/18 13:07,,89,760
79694707,513608587,不神秘签到,C++,答案正确,2025/10/18 13:08,,2,308
79694721,178515278,DidUKnow?,C++,答案错误,2025/10/18 13:09,,42,540
79694724,178515278,DidUKnow?,C++,答案错误,2025/10/18 13:10,,38,456
79694731,968264883,不神秘签到,Php,答案正确,2025/10/18 13:10,,12,9972
79694742,187679888,不神秘签到,C,答案正确,2025/10/18 13:11,,1,300
79694751,597380416,不神秘签到,C++,答案正确,2025/10/18 13:12,,2,308
79694753,243140229,不神秘签到,Python,答案正确,2025/10/18 13:12,,9,2872
79694757,420811740,不神秘签到,C,编译错误,2025/10/18 13:12,,0,0
79694759,243140229,不神秘签到,Python,答案正确,2025/10/18 13:12,,10,2944
79694760,968264883,DidUKnow?,C++,答案正确,2025/10/18 13:12,,12,480
79694763,420811740,不神秘签到,C,答案正确,2025/10/18 13:12,,2,260
79694786,968264883,神秘计数,C++,答案正确,2025/10/18 13:13,,4,456
79694788,178515278,神秘计数,C++,答案正确,2025/10/18 13:14,,5,656
79694789,246258580,神秘字符串,C++,答案正确,2025/10/18 13:14,,3,408
79694793,374244941,DidUKnow?,GCC,答案正确,2025/10/18 13:14,,11,344
79694800,597380416,DidUKnow?,C++,答案正确,2025/10/18 13:14,,41,444
79694808,391034496,歪数,C++,答案正确,2025/10/18 13:15,,4,1176
79694814,866328313,不神秘签到,Java,答案正确,2025/10/18 13:15,,26,10692
79694824,597380416,神秘计数,C++,答案正确,2025/10/18 13:16,,4,640
79694827,792631910,DidUKnow?,C++,答案正确,2025/10/18 13:16,,37,428
79694840,391034496,DidUKnow?,C++,答案错误,2025/10/18 13:17,,2,396
79694855,866328313,DidUKnow?,Java,答案正确,2025/10/18 13:18,,185,17808
79694868,246258580,神秘博弈（EasyVerson),C++,答案正确,2025/10/18 13:19,,19,436
79694876,513608587,DidUKnow?,C++,答案正确,2025/10/18 13:19,,40,508
79694882,866328313,神秘计数,Java,答案正确,2025/10/18 13:20,,60,13184
79694885,968264883,神秘博弈（HardVerson),C++,答案正确,2025/10/18 13:20,,282,26360
79694889,799233910,不神秘签到,C,答案正确,2025/10/18 13:20,,1,184
79694890,968264883,神秘博弈（EasyVerson),C++,答案正确,2025/10/18 13:20,,26,20032
79694905,799233910,不神秘签到,C,答案正确,2025/10/18 13:21,,2,284
79694909,799233910,不神秘签到,C,答案正确,2025/10/18 13:21,,2,300
79694923,513608587,神秘计数,C++,答案正确,2025/10/18 13:22,,5,676
79694945,246258580,神秘博弈（HardVerson),C++,答案错误,2025/10/18 13:23,,317,6688
79694946,565818808,神秘计数,C,段错误,2025/10/18 13:23,,6,384
79694951,246258580,神秘博弈（EasyVerson),C++,答案错误,2025/10/18 13:24,,4,488
79694953,374244941,神秘计数,GCC,答案正确,2025/10/18 13:24,,2,440
79694971,502269390,神秘计数,Pypy3,答案正确,2025/10/18 13:24,,76,21364
79694977,792631910,神秘计数,C++,答案正确,2025/10/18 13:25,,8,560
79694986,246258580,神秘博弈（EasyVerson),C++,答案正确,2025/10/18 13:25,,3,424
79694988,391034496,神秘计数,C++,答案正确,2025/10/18 13:25,,3,700
79694992,246258580,神秘博弈（HardVerson),C++,答案错误,2025/10/18 13:25,,286,6712
79695001,246258580,神秘博弈（HardVerson),C++,答案正确,2025/10/18 13:26,,281,6780
79695003,392785358,不神秘签到,C++,答案正确,2025/10/18 13:26,,2,296
79695004,555362745,神秘计数,C,段错误,2025/10/18 13:26,,2,400
79695012,555362745,神秘计数,C,段错误,2025/10/18 13:26,,2,396
79695014,555362745,神秘计数,C,段错误,2025/10/18 13:26,,3,408
79695031,555362745,神秘计数,C,段错误,2025/10/18 13:27,,2,352
79695032,555362745,神秘计数,C,段错误,2025/10/18 13:27,,3,444
79695035,555362745,神秘计数,C,段错误,2025/10/18 13:27,,3,452
79695042,390876669,DidUKnow?,Python 3,执行出错,2025/10/18 13:28,,151,4632
79695043,513608587,神秘博弈（EasyVerson),C++,答案错误,2025/10/18 13:28,,6,4368
79695051,556124624,DidUKnow?,C++,答案正确,2025/10/18 13:28,,45,484
79695056,555362745,神秘计数,C,段错误,2025/10/18 13:28,,2,412
79695073,866328313,神秘博弈（EasyVerson),Java,答案正确,2025/10/18 13:29,,64,19416
79695075,555362745,神秘计数,C,段错误,2025/10/18 13:29,,2,352
79695081,866328313,神秘博弈（HardVerson),Java,答案正确,2025/10/18 13:29,,846,34364
79695082,597380416,神秘博弈（HardVerson),C++,答案错误,2025/10/18 13:29,,1607,11452
79695084,457132354,不神秘签到,C,答案正确,2025/10/18 13:29,,2,328
79695085,597380416,神秘博弈（HardVerson),C++,答案错误,2025/10/18 13:29,,1535,11468
79695094,968264883,神秘煎饼,C++,答案错误,2025/10/18 13:30,,3,444
79695121,513608587,神秘博弈（EasyVerson),C++,答案错误,2025/10/18 13:31,,44,8208
79695124,390876669,DidUKnow?,Python 3,执行出错,2025/10/18 13:31,,167,4592
79695130,243140229,DidUKnow?,Python 3,答案正确,2025/10/18 13:32,,169,4584
79695147,876736250,神秘计数,C++,答案正确,2025/10/18 13:33,,6,640
79695152,246258580,神秘煎饼,C++,答案错误,2025/10/18 13:33,,3,548
79695155,374244941,神秘博弈（EasyVerson),GCC,答案错误,2025/10/18 13:33,,2,400
79695158,968264883,神秘煎饼,C++,答案错误,2025/10/18 13:33,,4,452
79695168,757880607,不神秘签到,C,编译错误,2025/10/18 13:33,,0,0
79695178,698535729,DidUKnow?,C,答案正确,2025/10/18 13:34,,10,352
79695186,390876669,DidUKnow?,Python 3,答案正确,2025/10/18 13:34,,176,4604
79695194,282538857,不神秘签到,C,答案正确,2025/10/18 13:35,,1,308
79695204,757880607,不神秘签到,C,答案正确,2025/10/18 13:35,,2,284
79695207,392785358,神秘数字,C++,答案错误,2025/10/18 13:35,,3,428
79695210,374244941,神秘博弈（EasyVerson),GCC,答案错误,2025/10/18 13:35,,2,344
79695220,555362745,神秘计数,C,段错误,2025/10/18 13:36,,3,344
79695229,912822112,不神秘签到,Python 3,答案正确,2025/10/18 13:36,,30,4472
79695233,391034496,神秘煎饼,C++,答案错误,2025/10/18 13:37,,3,584
79695244,555362745,神秘计数,C,段错误,2025/10/18 13:37,,2,392
79695251,406798579,神秘计数,C,答案错误,2025/10/18 13:37,,4,440
79695253,246258580,神秘煎饼,C++,答案错误,2025/10/18 13:38,,3,568
79695256,597380416,神秘博弈（HardVerson),C++,答案错误,2025/10/18 13:38,,1568,11484
79695264,243140229,神秘计数,Python 3,答案正确,2025/10/18 13:38,,42,4896
79695268,556124624,神秘计数,C++,答案正确,2025/10/18 13:38,,8,536
79695276,392785358,神秘数字,C++,答案正确,2025/10/18 13:39,,3,408
79695279,968264883,神秘字符串,C++,答案正确,2025/10/18 13:39,,3,424
79695294,390876669,神秘计数,Python 3,答案错误,2025/10/18 13:40,,51,5604
79695304,968264883,神秘数字,C++,答案错误,2025/10/18 13:40,,3,400
79695306,565818808,神秘计数,G++,答案正确,2025/10/18 13:40,,9,556
79695308,420811740,神秘煎饼,C,答案错误,2025/10/18 13:40,,3,384
79695315,968264883,神秘数字,C++,答案正确,2025/10/18 13:41,,3,404
79695342,390876669,神秘计数,Python 3,答案正确,2025/10/18 13:42,,47,5496
79695350,406798579,神秘计数,C,答案正确,2025/10/18 13:43,,4,476
79695351,178515278,DidUKnow?,C++,答案正确,2025/10/18 13:43,,38,516
79695360,420811740,神秘煎饼,C,答案错误,2025/10/18 13:43,,2,444
79695362,187679888,神秘计数,C,段错误,2025/10/18 13:43,,2,416
79695367,187679888,神秘计数,C,段错误,2025/10/18 13:43,,3,532
79695370,246258580,神秘数字,C++,答案错误,2025/10/18 13:44,,3,420
79695374,420811740,神秘煎饼,C,答案错误,2025/10/18 13:44,,2,400
79695381,187679888,神秘计数,C,段错误,2025/10/18 13:44,,2,556
79695392,187679888,神秘计数,C,段错误,2025/10/18 13:44,,2,512
79695401,187679888,神秘计数,C,段错误,2025/10/18 13:45,,2,440
79695403,420811740,神秘煎饼,C,答案错误,2025/10/18 13:45,,2,400
79695409,602048338,不神秘签到,C++,答案正确,2025/10/18 13:45,,3,392
79695412,246258580,神秘数字,C++,答案正确,2025/10/18 13:45,,3,424
79695417,799233910,神秘数字,C,运行超时,2025/10/18 13:46,,1001,0
79695419,513608587,神秘博弈（EasyVerson),C++,答案错误,2025/10/18 13:46,,72,8184
79695426,799233910,神秘数字,C,运行超时,2025/10/18 13:46,,1001,0
79695432,187679888,神秘计数,C,段错误,2025/10/18 13:46,,2,496
79695443,187679888,神秘计数,C,段错误,2025/10/18 13:46,,3,580
79695444,799233910,神秘数字,C,运行超时,2025/10/18 13:47,,1001,0
79695459,513608587,神秘博弈（EasyVerson),C++,答案正确,2025/10/18 13:47,,53,8208
79695467,178515278,神秘煎饼,C++,答案错误,2025/10/18 13:48,,3,524
79695488,246258580,神秘博弈（HardVerson),C++,答案错误,2025/10/18 13:48,,1540,11444
79695491,602048338,DidUKnow?,C++,答案正确,2025/10/18 13:48,,10,452
79695501,565818808,DidUKnow?,C,答案错误,2025/10/18 13:49,,11,352
79695522,968264883,歪数,C++,答案错误,2025/10/18 13:50,,4,1168
79695527,602048338,神秘计数,C++,答案正确,2025/10/18 13:50,,3,696
79695528,246258580,神秘博弈（HardVerson),C++,答案正确,2025/10/18 13:50,,1938,14588
79695534,968264883,歪数,C++,答案正确,2025/10/18 13:50,,4,1204
79695555,391034496,神秘煎饼,C++,答案错误,2025/10/18 13:51,,3,496
79695569,421352232,不神秘签到,C++,答案正确,2025/10/18 13:51,,2,296
79695583,178515278,神秘煎饼,C++,答案错误,2025/10/18 13:52,,3,472
79695585,597380416,神秘博弈（HardVerson),C++,答案正确,2025/10/18 13:52,,1935,14584
79695587,389343658,DidUKnow?,C,答案正确,2025/10/18 13:52,,12,336
79695595,178515278,神秘煎饼,C++,答案错误,2025/10/18 13:52,,3,516
79695602,555362745,神秘计数,C,段错误,2025/10/18 13:52,,3,344
79695604,502269390,神秘煎饼,Pypy3,答案错误,2025/10/18 13:53,,77,21364
79695605,792631910,神秘博弈（EasyVerson),C++,答案正确,2025/10/18 13:53,,12,404
79695606,597380416,神秘博弈（EasyVerson),C++,答案正确,2025/10/18 13:53,,9,8240
79695610,968264883,神秘煎饼,C++,答案正确,2025/10/18 13:53,,3,512
79695615,757880607,不神秘签到,C,答案正确,2025/10/18 13:53,,2,256
79695617,757880607,不神秘签到,C,答案正确,2025/10/18 13:53,,2,336
79695629,555362745,神秘计数,C,段错误,2025/10/18 13:53,,2,396
79695631,178515278,神秘煎饼,C++,答案错误,2025/10/18 13:53,,3,504
79695635,391034496,神秘煎饼,C++,答案错误,2025/10/18 13:54,,4,480
79695641,602048338,神秘博弈（EasyVerson),C++,答案正确,2025/10/18 13:54,,176,22944
79695659,602048338,神秘博弈（HardVerson),C++,答案错误,2025/10/18 13:55,,16,15784
79695664,602048338,神秘博弈（HardVerson),C++,运行超时,2025/10/18 13:55,,2001,0
79695672,513608587,神秘字符串,C++,答案错误,2025/10/18 13:56,,3,420
79695674,282538857,DidUKnow?,C,答案正确,2025/10/18 13:56,,11,336
79695676,555362745,神秘计数,C,段错误,2025/10/18 13:56,,3,384
79695733,698535729,神秘计数,C,答案正确,2025/10/18 13:58,,2,460
79695749,420811740,神秘煎饼,C,答案错误,2025/10/18 13:59,,3,400
79695753,513608587,神秘字符串,C++,答案错误,2025/10/18 13:59,,4,512
79695794,420811740,神秘煎饼,C,答案错误,2025/10/18 14:01,,3,384
79695802,513608587,神秘字符串,C++,答案错误,2025/10/18 14:01,,3,408
79695806,470575997,不神秘签到,Python 3,答案正确,2025/10/18 14:02,,29,4472
79695811,556124624,神秘博弈（EasyVerson),C++,运行超时,2025/10/18 14:02,,1001,0
79695820,912822112,DidUKnow?,Python 3,答案错误,2025/10/18 14:02,,44,4676
79695824,513608587,神秘字符串,C++,答案正确,2025/10/18 14:02,,4,396
79695826,246258580,神秘煎饼,C++,答案错误,2025/10/18 14:02,,3,588
79695827,294413613,不神秘签到,C++,答案正确,2025/10/18 14:02,,2,296
79695830,420811740,神秘煎饼,C,答案错误,2025/10/18 14:02,,2,464
79695832,393305412,DidUKnow?,C,答案错误,2025/10/18 14:03,,3,352
79695838,555362745,神秘计数,C,段错误,2025/10/18 14:03,,3,364
79695839,826800218,不神秘签到,G++,答案正确,2025/10/18 14:03,,3,384
79695849,866328313,神秘煎饼,Java,答案错误,2025/10/18 14:03,,41,10864
79695850,420811740,神秘煎饼,C,答案错误,2025/10/18 14:03,,3,404
79695868,420811740,神秘博弈（EasyVerson),C,编译错误,2025/10/18 14:04,,0,0
79695878,393305412,DidUKnow?,C,答案错误,2025/10/18 14:04,,3,388
79695902,792631910,神秘博弈（HardVerson),C++,运行超时,2025/10/18 14:05,,2001,0
79695906,826800218,DidUKnow?,G++,答案正确,2025/10/18 14:06,,41,444
79695934,792631910,神秘博弈（HardVerson),C++,运行超时,2025/10/18 14:07,,2001,0
79695953,470575997,DidUKnow?,G++,答案正确,2025/10/18 14:08,,37,444
79695977,602048338,神秘博弈（HardVerson),C++,答案正确,2025/10/18 14:09,,1577,6748
79695982,470575997,神秘计数,G++,答案正确,2025/10/18 14:09,,6,672
79696005,294413613,DidUKnow?,C++,答案正确,2025/10/18 14:10,,35,516
79696006,866328313,神秘煎饼,Java,答案错误,2025/10/18 14:10,,42,10864
79696011,757880607,歪数,C,编译错误,2025/10/18 14:10,,0,0
79696022,282538857,神秘计数,C,答案正确,2025/10/18 14:10,,2,440
79696030,826800218,神秘计数,G++,答案正确,2025/10/18 14:11,,5,680
79696033,470575997,神秘博弈（EasyVerson),G++,答案错误,2025/10/18 14:11,,4,420
79696036,757880607,歪数,C,答案错误,2025/10/18 14:11,,2,356
79696047,597380416,神秘煎饼,C++,答案错误,2025/10/18 14:11,,3,440
79696054,555362745,神秘计数,C,答案错误,2025/10/18 14:12,,3,548
79696057,421352232,DidUKnow?,C++,答案正确,2025/10/18 14:12,,35,444
79696081,391034496,神秘数字,C++,答案错误,2025/10/18 14:13,,3,412
79696086,294413613,神秘计数,C++,答案正确,2025/10/18 14:14,,5,636
79696093,602048338,神秘煎饼,C++,答案错误,2025/10/18 14:14,,3,452
79696097,597380416,神秘煎饼,C++,答案错误,2025/10/18 14:14,,3,440
79696124,393305412,神秘计数,C,段错误,2025/10/18 14:15,,3,464
79696134,757880607,歪数,C,答案错误,2025/10/18 14:15,,3,400
79696145,390876669,神秘煎饼,Python 3,答案错误,2025/10/18 14:16,,48,4620
79696150,374244941,神秘数字,C++,答案错误,2025/10/18 14:16,,3,456
79696154,457132354,神秘计数,C,段错误,2025/10/18 14:17,,7,436
79696156,826800218,神秘博弈（EasyVerson),G++,答案正确,2025/10/18 14:17,,3,404
79696161,826800218,神秘博弈（HardVerson),G++,答案正确,2025/10/18 14:17,,1735,6720
79696165,390876669,神秘煎饼,Python 3,答案错误,2025/10/18 14:17,,49,4600
79696166,187679888,DidUKnow?,C,答案正确,2025/10/18 14:17,,11,312
79696170,866328313,神秘煎饼,Java,答案错误,2025/10/18 14:17,,43,10852
79696175,390876669,神秘煎饼,Python 3,答案错误,2025/10/18 14:17,,41,4600
79696176,393305412,神秘计数,C,段错误,2025/10/18 14:17,,3,428
79696180,374244941,神秘数字,C++,答案错误,2025/10/18 14:18,,3,568
79696181,555362745,神秘计数,C,段错误,2025/10/18 14:18,,3,516
79696183,391034496,神秘数字,C++,答案正确,2025/10/18 14:18,,3,428
79696186,393305412,神秘计数,C,答案正确,2025/10/18 14:18,,3,464
79696188,390876669,神秘煎饼,Python 3,答案错误,2025/10/18 14:18,,49,4548
79696193,421352232,神秘计数,C++,答案正确,2025/10/18 14:18,,5,648
79696196,374244941,神秘数字,C++,答案错误,2025/10/18 14:18,,3,416
79696198,390876669,神秘煎饼,Python 3,答案错误,2025/10/18 14:19,,42,4660
79696205,799233910,神秘计数,C,答案正确,2025/10/18 14:19,,3,464
79696223,421352232,神秘计数,C++,答案正确,2025/10/18 14:20,,5,652
79696227,602048338,神秘煎饼,C++,答案正确,2025/10/18 14:20,,4,468
79696230,513608587,神秘博弈（HardVerson),C++,运行超时,2025/10/18 14:20,,2001,0
79696231,513608587,神秘博弈（HardVerson),C++,运行超时,2025/10/18 14:20,,2001,0
79696234,513608587,神秘博弈（HardVerson),C++,运行超时,2025/10/18 14:20,,2001,0
79696246,390876669,神秘煎饼,Python 3,答案错误,2025/10/18 14:21,,45,4572
79696265,876736250,DidUKnow?,C++,答案错误,2025/10/18 14:22,,5,496
79696268,470575997,神秘博弈（EasyVerson),G++,答案正确,2025/10/18 14:22,,3,428
79696269,282538857,神秘博弈（EasyVerson),C,答案错误,2025/10/18 14:22,,2,356
79696276,470575997,神秘博弈（HardVerson),G++,答案正确,2025/10/18 14:22,,307,6792
79696277,282538857,神秘博弈（EasyVerson),C,答案错误,2025/10/18 14:22,,2,336
79696280,565818808,神秘字符串,GCC,运行错误,2025/10/18 14:22,,3,324
79696281,876736250,DidUKnow?,C++,答案错误,2025/10/18 14:23,,5,424
79696282,565818808,神秘字符串,GCC,运行错误,2025/10/18 14:23,,2,396
79696283,420811740,DidUKnow?,C,答案错误,2025/10/18 14:23,,3,328
79696287,597380416,神秘煎饼,C++,答案正确,2025/10/18 14:23,,3,456
79696290,565818808,神秘字符串,GCC,答案错误,2025/10/18 14:23,,2,328
79696292,420811740,DidUKnow?,C,答案错误,2025/10/18 14:23,,2,296
79696293,246258580,神秘煎饼,C++,答案正确,2025/10/18 14:23,,3,516
79696294,565818808,神秘字符串,GCC,答案错误,2025/10/18 14:23,,2,360
79696296,294413613,神秘博弈（EasyVerson),C++,答案错误,2025/10/18 14:23,,3,396
79696297,565818808,神秘字符串,GCC,答案错误,2025/10/18 14:23,,2,324
79696299,389343658,神秘计数,C,段错误,2025/10/18 14:23,,3,428
79696300,457132354,神秘计数,C,段错误,2025/10/18 14:23,,3,344
79696301,420811740,DidUKnow?,C,答案错误,2025/10/18 14:23,,2,292
79696308,565818808,神秘字符串,GCC,答案错误,2025/10/18 14:24,,2,328
79696309,282538857,神秘博弈（EasyVerson),C,答案错误,2025/10/18 14:24,,2,320
79696314,876736250,DidUKnow?,C++,答案错误,2025/10/18 14:24,,5,428
79696315,420811740,DidUKnow?,C,答案错误,2025/10/18 14:24,,3,384
79696320,420811740,DidUKnow?,C,答案错误,2025/10/18 14:24,,3,384
79696322,565818808,神秘字符串,GCC,答案错误,2025/10/18 14:24,,2,384
79696328,282538857,神秘博弈（EasyVerson),C,答案错误,2025/10/18 14:24,,2,348
79696330,391034496,神秘煎饼,C++,答案错误,2025/10/18 14:25,,3,480
79696346,389343658,神秘计数,C,段错误,2025/10/18 14:25,,3,460
79696347,555362745,神秘计数,C,答案正确,2025/10/18 14:25,,3,456
79696352,597380416,神秘数字,C++,答案错误,2025/10/18 14:26,,3,412
79696365,389343658,神秘计数,C,段错误,2025/10/18 14:26,,4,528
79696373,282538857,神秘博弈（EasyVerson),C,答案错误,2025/10/18 14:26,,2,348
79696385,535274463,不神秘签到,C,答案正确,2025/10/18 14:27,,2,300
79696387,294413613,神秘博弈（EasyVerson),C++,答案错误,2025/10/18 14:27,,3,404
79696388,535274463,不神秘签到,C,答案正确,2025/10/18 14:27,,2,308
79696393,565818808,神秘字符串,GCC,运行错误,2025/10/18 14:27,,2,328
79696394,565818808,神秘字符串,GCC,运行错误,2025/10/18 14:27,,2,324
79696400,792631910,神秘煎饼,C++,答案正确,2025/10/18 14:27,,3,472
79696416,597380416,神秘数字,C++,答案正确,2025/10/18 14:28,,3,512
79696421,799233910,神秘数字,C,运行超时,2025/10/18 14:28,,1001,0
79696425,826800218,神秘字符串,G++,答案正确,2025/10/18 14:28,,3,416
79696438,565818808,神秘字符串,GCC,答案错误,2025/10/18 14:29,,10,320
79696448,178515278,神秘博弈（EasyVerson),C++,答案错误,2025/10/18 14:29,,399,15324
79696450,282538857,神秘博弈（HardVerson),C,答案错误,2025/10/18 14:29,,296,6792
79696469,187679888,神秘计数,C,答案正确,2025/10/18 14:30,,2,452
79696478,389343658,神秘计数,C,段错误,2025/10/18 14:31,,3,432
79696490,246258580,歪数,C++,答案错误,2025/10/18 14:31,,4,516
79696530,390876669,神秘煎饼,Python 3,答案正确,2025/10/18 14:33,,45,4688
79696538,556124624,神秘博弈（EasyVerson),C++,答案错误,2025/10/18 14:33,,54,408
79696541,876736250,DidUKnow?,C++,答案错误,2025/10/18 14:33,,5,412
79696559,826800218,神秘数字,G++,答案正确,2025/10/18 14:34,,3,400
79696571,565818808,神秘数字,C,答案错误,2025/10/18 14:34,,2,316
79696575,565818808,神秘数字,C,答案错误,2025/10/18 14:35,,2,344
79696601,565818808,神秘数字,C,答案错误,2025/10/18 14:35,,2,384
79696604,565818808,神秘数字,C,答案错误,2025/10/18 14:36,,2,340
79696609,294413613,神秘博弈（EasyVerson),C++,答案错误,2025/10/18 14:36,,3,416
79696613,565818808,神秘数字,C,答案错误,2025/10/18 14:36,,2,300
79696620,243140229,神秘博弈（EasyVerson),Python 3,答案正确,2025/10/18 14:36,,1039,4540
79696634,457132354,神秘计数,C++,答案错误,2025/10/18 14:37,,8,556
79696670,989693912,不神秘签到,C++,答案错误,2025/10/18 14:38,,2,292
79696672,698535729,神秘博弈（EasyVerson),C,答案错误,2025/10/18 14:38,,2,328
79696681,989693912,不神秘签到,C++,答案正确,2025/10/18 14:38,,3,292
79696694,565818808,神秘数字,C,答案错误,2025/10/18 14:39,,2,356
79696715,565818808,神秘数字,C,答案错误,2025/10/18 14:40,,2,340
79696718,416196197,DidUKnow?,C,答案正确,2025/10/18 14:40,,11,360
79696728,282538857,神秘煎饼,C,编译错误,2025/10/18 14:40,,0,0
79696734,555362745,DidUKnow?,C,答案错误,2025/10/18 14:40,,2,288
79696740,597380416,神秘字符串,C++,答案正确,2025/10/18 14:41,,3,404
79696744,406798579,DidUKnow?,C,答案错误,2025/10/18 14:41,,2,332
79696749,565818808,神秘数字,C,答案错误,2025/10/18 14:41,,2,340
79696766,555362745,DidUKnow?,C,答案错误,2025/10/18 14:42,,3,356
79696770,555362745,DidUKnow?,C,答案错误,2025/10/18 14:42,,2,344
79696771,555362745,DidUKnow?,C,答案错误,2025/10/18 14:42,,2,328
79696772,555362745,DidUKnow?,C,答案错误,2025/10/18 14:42,,2,324
79696774,555362745,DidUKnow?,C,答案错误,2025/10/18 14:42,,2,340
79696790,826800218,神秘煎饼,G++,答案正确,2025/10/18 14:42,,3,588
79696795,457132354,神秘计数,C++,答案错误,2025/10/18 14:42,,104,564
79696812,698535729,神秘博弈（EasyVerson),C,答案错误,2025/10/18 14:43,,2,344
79696820,555362745,DidUKnow?,C,答案错误,2025/10/18 14:43,,2,340
79696822,555362745,DidUKnow?,C,答案错误,2025/10/18 14:43,,2,372
79696825,555362745,DidUKnow?,C,答案错误,2025/10/18 14:43,,2,300
79696826,282538857,神秘煎饼,C,答案错误,2025/10/18 14:43,,3,412
79696830,602048338,歪数,C++,答案正确,2025/10/18 14:43,,3,436
79696838,555362745,DidUKnow?,C,答案错误,2025/10/18 14:44,,2,336
79696846,513608587,神秘博弈（HardVerson),C++,答案正确,2025/10/18 14:44,,1930,14584
79696861,555362745,DidUKnow?,C,答案错误,2025/10/18 14:45,,2,328
79696864,555362745,DidUKnow?,C,答案错误,2025/10/18 14:45,,2,384
79696870,555362745,DidUKnow?,C,答案错误,2025/10/18 14:45,,2,328
79696881,391034496,神秘博弈（EasyVerson),C++,答案错误,2025/10/18 14:45,,3,432
79696887,555362745,DidUKnow?,C,答案错误,2025/10/18 14:45,,2,324
79696895,282538857,神秘煎饼,C,答案正确,2025/10/18 14:45,,2,432
79696897,393305412,神秘博弈（EasyVerson),C,答案错误,2025/10/18 14:45,,157,336
79696908,555362745,DidUKnow?,C,答案错误,2025/10/18 14:46,,3,360
79696921,792631910,神秘数字,C++,答案错误,2025/10/18 14:46,,3,420
79696930,989693912,DidUKnow?,C++,答案错误,2025/10/18 14:46,,3,412
79696954,556124624,神秘煎饼,C++,答案错误,2025/10/18 14:47,,3,548
79696969,989693912,DidUKnow?,C++,答案错误,2025/10/18 14:48,,3,408
79696998,556124624,神秘煎饼,C++,答案错误,2025/10/18 14:49,,4,448
79697025,792631910,神秘数字,C++,答案错误,2025/10/18 14:50,,3,412
79697029,792631910,神秘数字,C++,答案错误,2025/10/18 14:50,,3,436
79697033,989693912,DidUKnow?,C++,答案正确,2025/10/18 14:50,,35,444
79697035,416196197,神秘计数,C,答案错误,2025/10/18 14:50,,4,524
79697067,246258580,歪数,C++,答案错误,2025/10/18 14:52,,6,1920
79697084,792631910,神秘数字,C++,答案正确,2025/10/18 14:52,,3,436
79697085,602048338,神秘数字,C++,答案正确,2025/10/18 14:52,,3,412
79697090,565818808,DidUKnow?,C,答案正确,2025/10/18 14:52,,11,336
79697092,876736250,神秘煎饼,C++,答案正确,2025/10/18 14:53,,4,440
79697097,457132354,神秘计数,C++,编译错误,2025/10/18 14:53,,0,0
79697100,989693912,神秘计数,C++,答案正确,2025/10/18 14:53,,5,664
79697105,698535729,神秘博弈（EasyVerson),C,答案正确,2025/10/18 14:53,,17,352
79697124,457132354,神秘计数,C++,段错误,2025/10/18 14:54,,4,532
79697131,416196197,神秘计数,C,段错误,2025/10/18 14:54,,3,548
79697136,391034496,神秘博弈（EasyVerson),C++,答案正确,2025/10/18 14:54,,3,444
79697138,565818808,神秘数字,C,答案错误,2025/10/18 14:54,,2,332
79697144,393305412,DidUKnow?,C,答案错误,2025/10/18 14:55,,3,316
79697145,565818808,神秘数字,C,答案错误,2025/10/18 14:55,,2,340
79697146,246258580,歪数,C++,答案错误,2025/10/18 14:55,,12,452
79697147,391034496,神秘博弈（HardVerson),C++,答案正确,2025/10/18 14:55,,280,6780
79697150,457132354,神秘计数,C++,段错误,2025/10/18 14:55,,4,556
79697157,556124624,神秘煎饼,C++,答案错误,2025/10/18 14:55,,4,516
79697164,416196197,神秘计数,C,段错误,2025/10/18 14:55,,2,440
79697185,416196197,神秘计数,C,段错误,2025/10/18 14:55,,3,420
79697188,989693912,神秘博弈（EasyVerson),C++,答案错误,2025/10/18 14:56,,3,404
79697192,556124624,神秘煎饼,C++,答案错误,2025/10/18 14:56,,3,500
79697196,565818808,神秘数字,C++,答案正确,2025/10/18 14:56,,3,396
79697209,457132354,神秘计数,C++,段错误,2025/10/18 14:56,,3,528
79697214,416196197,神秘计数,C,段错误,2025/10/18 14:57,,3,512
79697216,246258580,歪数,C++,答案错误,2025/10/18 14:57,,12,456
79697218,457132354,神秘计数,C,段错误,2025/10/18 14:57,,3,468
79697224,555362745,DidUKnow?,C,答案正确,2025/10/18 14:57,,11,344
79697227,597380416,歪数,C++,答案错误,2025/10/18 14:57,,12,436
79697232,416196197,神秘计数,C,段错误,2025/10/18 14:57,,3,512
79697245,246258580,歪数,C++,答案正确,2025/10/18 14:58,,12,512
79697253,602048338,神秘字符串,C++,答案错误,2025/10/18 14:58,,3,440
79697256,416196197,神秘计数,C,段错误,2025/10/18 14:58,,3,484
79697271,391034496,DidUKnow?,C++,答案正确,2025/10/18 14:59,,9,464
79697274,513608587,神秘煎饼,C++,答案错误,2025/10/18 14:59,,3,468
79697276,799233910,神秘数字,C,运行超时,2025/10/18 14:59,,1001,0
79697278,565818808,神秘数字,C,答案错误,2025/10/18 14:59,,2,348
79697281,565818808,神秘数字,C,答案错误,2025/10/18 14:59,,3,332
79697284,597380416,歪数,C++,答案正确,2025/10/18 14:59,,13,420
79697287,565818808,神秘数字,C,答案错误,2025/10/18 14:59,,3,312
79697297,556124624,神秘煎饼,C++,答案错误,2025/10/18 15:00,,4,512
79697308,565818808,DidUKnow?,C,答案正确,2025/10/18 15:00,,12,344
79697309,393305412,神秘博弈（EasyVerson),C,答案错误,2025/10/18 15:00,,63,332
79697318,556124624,神秘煎饼,C++,答案错误,2025/10/18 15:00,,3,456
79697319,529831653,不神秘签到,C,答案正确,2025/10/18 15:00,,2,296
79697344,602048338,神秘字符串,C++,答案正确,2025/10/18 15:01,,3,436
79697347,416196197,神秘计数,C,段错误,2025/10/18 15:01,,4,448
79697465,245734586,不神秘签到,C++,答案正确,2025/10/18 15:04,,2,292
79697468,866328313,神秘煎饼,Java,答案错误,2025/10/18 15:04,,42,10864
79697482,989693912,神秘博弈（EasyVerson),C++,答案正确,2025/10/18 15:04,,3,420
79697491,989693912,神秘博弈（HardVerson),C++,答案错误,2025/10/18 15:04,,1444,3488
79697506,556124624,神秘煎饼,C++,答案错误,2025/10/18 15:05,,3,488
79697511,416196197,神秘计数,C,段错误,2025/10/18 15:05,,2,440
79697573,416196197,神秘数字,C,答案错误,2025/10/18 15:07,,3,316
79697587,555362745,神秘数字,Java,答案正确,2025/10/18 15:07,,44,10780
79697606,989693912,神秘博弈（HardVerson),C++,答案正确,2025/10/18 15:08,,1835,6712
79697607,876736250,DidUKnow?,C++,答案错误,2025/10/18 15:08,,6,424
79697619,876736250,DidUKnow?,C++,答案错误,2025/10/18 15:08,,6,392
79697634,416196197,神秘数字,C,答案错误,2025/10/18 15:09,,2,328
79697636,866328313,神秘煎饼,Java,答案错误,2025/10/18 15:09,,41,10780
79697657,565818808,神秘字符串,GCC,编译错误,2025/10/18 15:09,,0,0
79697662,282538857,歪数,C,答案错误,2025/10/18 15:10,,2,368
79697667,565818808,神秘字符串,GCC,答案正确,2025/10/18 15:10,,2,340
79697671,826800218,歪数,G++,答案错误,2025/10/18 15:10,,3,440
79697680,282538857,歪数,C,答案错误,2025/10/18 15:10,,2,336
79697681,416196197,神秘数字,C,答案错误,2025/10/18 15:10,,2,332
79697692,826800218,歪数,G++,编译错误,2025/10/18 15:10,,0,0
79697749,826800218,歪数,G++,答案错误,2025/10/18 15:12,,3,400
79697768,799233910,DidUKnow?,C,答案正确,2025/10/18 15:13,,10,348
79697775,792631910,神秘博弈（HardVerson),C++,运行超时,2025/10/18 15:13,,2001,0
79697810,391034496,神秘煎饼,C++,答案错误,2025/10/18 15:15,,3,592
79697819,282538857,歪数,C,答案错误,2025/10/18 15:15,,2,384
79697833,390876669,神秘博弈（EasyVerson),Python 3,运行超时,2025/10/18 15:15,,2001,0
79697836,389343658,神秘煎饼,C,答案错误,2025/10/18 15:16,,2,428
79697846,866328313,神秘煎饼,Java,答案错误,2025/10/18 15:16,,42,10796
79697854,390876669,神秘博弈（EasyVerson),Python 3,运行超时,2025/10/18 15:16,,2001,0
79697859,416196197,神秘数字,C,答案错误,2025/10/18 15:17,,2,328
79697878,866328313,神秘煎饼,Java,答案正确,2025/10/18 15:17,,45,10860
79697882,876736250,DidUKnow?,C++,答案错误,2025/10/18 15:17,,5,444
79697898,416196197,神秘数字,C,答案错误,2025/10/18 15:18,,2,344
79697909,416196197,神秘数字,C,答案错误,2025/10/18 15:18,,2,336
79697924,565818808,神秘煎饼,C,答案错误,2025/10/18 15:19,,3,384
79697929,391034496,神秘煎饼,C++,答案正确,2025/10/18 15:19,,4,504
79697935,390876669,神秘博弈（EasyVerson),Python 3,运行超时,2025/10/18 15:19,,2001,0
79697943,565818808,神秘煎饼,C,答案错误,2025/10/18 15:19,,3,436
79697952,416196197,神秘数字,C,答案错误,2025/10/18 15:19,,2,352
79697969,826800218,歪数,G++,答案错误,2025/10/18 15:20,,3,408
79697981,393305412,神秘数字,C,运行超时,2025/10/18 15:21,,1001,0
79697982,565818808,神秘煎饼,C,答案错误,2025/10/18 15:21,,3,416
79697988,393305412,神秘数字,C,运行超时,2025/10/18 15:21,,1001,0
79698003,989693912,神秘数字,C++,答案错误,2025/10/18 15:22,,3,400
79698005,416196197,神秘数字,C,答案错误,2025/10/18 15:22,,2,308
79698026,989693912,神秘数字,C++,答案正确,2025/10/18 15:22,,3,408
79698029,416196197,神秘数字,C,答案正确,2025/10/18 15:22,,2,328
79698031,389343658,神秘煎饼,C,答案错误,2025/10/18 15:22,,2,392
79698034,187679888,神秘数字,C,答案错误,2025/10/18 15:22,,2,324
79698037,565818808,神秘煎饼,C,答案错误,2025/10/18 15:22,,3,464
79698039,187679888,神秘数字,C,答案错误,2025/10/18 15:22,,2,344
79698048,187679888,神秘数字,C,答案错误,2025/10/18 15:23,,2,360
79698056,876736250,DidUKnow?,C++,答案错误,2025/10/18 15:23,,5,436
79698063,792631910,神秘煎饼,C++,答案正确,2025/10/18 15:23,,4,516
79698067,187679888,神秘数字,C,答案错误,2025/10/18 15:24,,2,328
79698071,282538857,神秘数字,C,答案错误,2025/10/18 15:24,,2,356
79698074,792631910,神秘煎饼,C++,答案正确,2025/10/18 15:24,,4,460
79698084,187679888,神秘数字,C,答案正确,2025/10/18 15:24,,2,332
79698087,389343658,神秘煎饼,C,答案错误,2025/10/18 15:24,,2,384
79698089,389343658,神秘煎饼,C,答案错误,2025/10/18 15:24,,2,404
79698152,565818808,神秘煎饼,C,编译错误,2025/10/18 15:26,,0,0
79698164,416196197,神秘计数,C,段错误,2025/10/18 15:27,,3,432
79698168,989693912,神秘字符串,C++,答案正确,2025/10/18 15:27,,4,404
79698170,698535729,神秘博弈（HardVerson),C,编译错误,2025/10/18 15:27,,0,0
79698178,294413613,歪数,C++,答案错误,2025/10/18 15:27,,5,428
79698179,565818808,神秘煎饼,C,答案错误,2025/10/18 15:27,,2,384
79698182,245734586,神秘计数,C++,答案正确,2025/10/18 15:27,,5,656
79698183,698535729,神秘博弈（HardVerson),C,运行超时,2025/10/18 15:27,,2001,0
79698207,565818808,神秘煎饼,GCC,答案正确,2025/10/18 15:28,,2,384
79698264,390876669,神秘数字,Python 3,答案正确,2025/10/18 15:30,,44,4556
79698272,393305412,神秘数字,C,答案错误,2025/10/18 15:30,,2,324
79698276,502269390,神秘煎饼,Pypy3,答案错误,2025/10/18 15:30,,82,21208
79698302,502269390,神秘煎饼,Pypy3,答案错误,2025/10/18 15:31,,76,21540
79698324,393305412,神秘数字,C,答案错误,2025/10/18 15:32,,3,388
79698354,989693912,神秘煎饼,C++,答案错误,2025/10/18 15:32,,3,484
79698366,416196197,神秘计数,C,段错误,2025/10/18 15:33,,2,452
79698380,826800218,歪数,G++,答案错误,2025/10/18 15:33,,3,436
79698415,294413613,歪数,C++,答案错误,2025/10/18 15:34,,6,444
79698418,393305412,神秘数字,C,答案错误,2025/10/18 15:35,,3,304
79698447,792631910,神秘博弈（EasyVerson),C++,答案正确,2025/10/18 15:35,,13,424
79698462,416196197,神秘计数,C,答案错误,2025/10/18 15:36,,7,444
79698475,393305412,神秘数字,C,答案错误,2025/10/18 15:36,,2,332
79698493,502269390,神秘煎饼,Pypy3,答案错误,2025/10/18 15:37,,86,21280
79698507,416196197,神秘计数,C,答案正确,2025/10/18 15:37,,7,400
79698513,555362745,神秘煎饼,C,答案错误,2025/10/18 15:38,,3,384
79698518,799233910,神秘博弈（EasyVerson),C,答案正确,2025/10/18 15:38,,2,360
79698521,555362745,神秘煎饼,C,答案错误,2025/10/18 15:38,,3,448
79698534,393305412,神秘数字,C,答案错误,2025/10/18 15:38,,3,332
79698542,876736250,DidUKnow?,C++,答案错误,2025/10/18 15:38,,5,452
79698555,555362745,神秘煎饼,C,答案错误,2025/10/18 15:38,,3,400
79698562,245734586,DidUKnow?,C++,答案正确,2025/10/18 15:39,,37,444
79698570,555362745,神秘煎饼,C,答案错误,2025/10/18 15:39,,2,384
79698591,956979518,歪数,Pypy3,执行出错,2025/10/18 15:39,,224,28328
79698593,555362745,神秘煎饼,C,答案错误,2025/10/18 15:39,,3,388
79698609,457132354,DidUKnow?,C,编译错误,2025/10/18 15:40,,0,0
79698619,555362745,神秘煎饼,C,答案错误,2025/10/18 15:40,,3,360
79698621,989693912,神秘煎饼,C++,答案错误,2025/10/18 15:40,,3,516
79698642,502269390,神秘煎饼,Pypy3,答案错误,2025/10/18 15:41,,79,21212
79698652,555362745,神秘煎饼,C,答案错误,2025/10/18 15:41,,2,384
79698694,282538857,神秘字符串,C,编译错误,2025/10/18 15:42,,0,0
79698697,555362745,神秘煎饼,C,答案错误,2025/10/18 15:42,,2,512
79698698,826800218,歪数,G++,答案错误,2025/10/18 15:42,,3,520
79698705,989693912,神秘煎饼,C++,答案正确,2025/10/18 15:42,,3,548
79698727,555362745,神秘煎饼,C,答案错误,2025/10/18 15:43,,3,440
79698781,555362745,神秘煎饼,C,答案正确,2025/10/18 15:44,,2,420
79698827,826800218,歪数,G++,答案错误,2025/10/18 15:46,,3,424
79698911,876736250,DidUKnow?,C++,答案错误,2025/10/18 15:48,,5,420
79698936,826800218,歪数,G++,答案错误,2025/10/18 15:49,,3,476
79698950,866328313,神秘数字,Java,答案错误,2025/10/18 15:49,,41,10740
79698961,799233910,神秘博弈（HardVerson),C,答案正确,2025/10/18 15:49,,367,6584
79698990,282538857,神秘字符串,C,答案正确,2025/10/18 15:50,,2,376
79699015,294413613,神秘数字,C++,答案错误,2025/10/18 15:51,,3,404
79699032,956979518,神秘字符串,Pypy3,执行出错,2025/10/18 15:51,,214,28224
79699035,956979518,神秘字符串,Pypy3,执行出错,2025/10/18 15:51,,224,28220
79699043,956979518,DidUKnow?,Pypy3,执行出错,2025/10/18 15:51,,221,28848
79699046,956979518,DidUKnow?,Pypy3,执行出错,2025/10/18 15:52,,216,28152
79699049,416196197,神秘煎饼,C,答案错误,2025/10/18 15:52,,2,392
79699053,956979518,神秘计数,Pypy3,执行出错,2025/10/18 15:52,,228,28532
79699055,956979518,神秘计数,Pypy3,执行出错,2025/10/18 15:52,,229,28500
79699063,956979518,神秘博弈（EasyVerson),Pypy3,执行出错,2025/10/18 15:52,,220,33148
79699068,282538857,神秘数字,C,答案错误,2025/10/18 15:52,,2,384
79699070,956979518,神秘煎饼,Pypy3,答案错误,2025/10/18 15:52,,74,21188
79699082,956979518,歪数,Pypy3,执行出错,2025/10/18 15:53,,217,28308
79699087,187679888,神秘煎饼,C,答案错误,2025/10/18 15:53,,2,372
79699096,187679888,神秘煎饼,C,答案错误,2025/10/18 15:53,,2,408
79699100,565818808,神秘博弈（EasyVerson),GCC,答案正确,2025/10/18 15:54,,12,352
79699104,187679888,神秘煎饼,C,答案错误,2025/10/18 15:54,,2,404
79699105,282538857,神秘数字,C,答案错误,2025/10/18 15:54,,2,384
79699112,245734586,神秘博弈（EasyVerson),C++,答案错误,2025/10/18 15:54,,9,456
79699117,502269390,神秘数字,Pypy3,答案错误,2025/10/18 15:54,,379,29648
79699146,187679888,神秘煎饼,C,答案错误,2025/10/18 15:55,,2,456
79699156,294413613,神秘数字,C++,答案错误,2025/10/18 15:55,,3,456
79699158,187679888,神秘煎饼,C,答案错误,2025/10/18 15:56,,3,440
79699160,989693912,歪数,C++,答案正确,2025/10/18 15:56,,13,440
79699164,282538857,神秘数字,C,答案正确,2025/10/18 15:56,,2,348
79699187,416196197,神秘煎饼,C,答案正确,2025/10/18 15:56,,2,408
79699191,245734586,神秘博弈（EasyVerson),C++,答案错误,2025/10/18 15:56,,10,400
79699197,294413613,神秘数字,C++,答案错误,2025/10/18 15:57,,3,396
79699201,282538857,神秘博弈（EasyVerson),C,答案错误,2025/10/18 15:57,,2,356
79699223,282538857,神秘博弈（EasyVerson),C,答案正确,2025/10/18 15:57,,10,340
79699229,187679888,神秘煎饼,C,答案错误,2025/10/18 15:58,,3,428
79699232,282538857,神秘博弈（HardVerson),C,答案错误,2025/10/18 15:58,,280,6776
79699234,452698930,歪数,C++,答案正确,2025/10/18 15:58,,18,448
79699239,294413613,神秘数字,C++,答案错误,2025/10/18 15:58,,3,424
79699246,294413613,神秘数字,C++,答案正确,2025/10/18 15:58,,3,400
79699254,282538857,歪数,C,答案错误,2025/10/18 15:59,,3,364
79699256,956979518,神秘计数,Pypy3,执行出错,2025/10/18 15:59,,229,31256
79699257,187679888,神秘煎饼,C,答案错误,2025/10/18 15:59,,3,404
79699261,391034496,神秘博弈（EasyVerson),C++,答案错误,2025/10/18 15:59,,3,424
79699282,826800218,歪数,G++,答案错误,2025/10/18 16:00,,3,444
79699290,187679888,神秘煎饼,C,答案错误,2025/10/18 16:00,,3,360
79699445,868911163,不神秘签到,C++,答案正确,2025/10/18 16:07,,4,296
79699455,868911163,不神秘签到,C++,答案正确,2025/10/18 16:07,,2,320
79699506,391034496,神秘博弈（EasyVerson),C++,答案错误,2025/10/18 16:10,,3,436
79699535,441385290,不神秘签到,C++,编译错误,2025/10/18 16:11,,0,0
79699550,452698930,歪数,C++,答案正确,2025/10/18 16:11,,3,432
79699556,452698930,歪数,C++,答案正确,2025/10/18 16:12,,3,436
79699576,441385290,不神秘签到,C++,答案正确,2025/10/18 16:12,,3,296
79699578,391034496,神秘博弈（EasyVerson),C++,答案错误,2025/10/18 16:12,,3,424
79699661,235734035,神秘数字,GCC,答案正确,2025/10/18 16:16,,2,308
79699678,866328313,神秘数字,Java,答案错误,2025/10/18 16:17,,40,10736
79699684,866328313,神秘数字,Java,答案错误,2025/10/18 16:17,,38,10796
79699720,372305433,神秘博弈（HardVerson),C++,答案错误,2025/10/18 16:19,,1811,1860
79699767,866328313,神秘数字,Java,答案错误,2025/10/18 16:21,,39,10752
79699773,866328313,神秘数字,Java,答案错误,2025/10/18 16:21,,42,10788
79699811,866328313,神秘数字,Java,答案错误,2025/10/18 16:23,,40,10660
79699815,866328313,神秘数字,Java,答案错误,2025/10/18 16:23,,42,10620
79699825,826800218,歪数,G++,答案错误,2025/10/18 16:23,,3,448
79699835,866328313,神秘数字,Java,答案错误,2025/10/18 16:24,,40,10732
79699844,866328313,神秘数字,Java,答案错误,2025/10/18 16:24,,39,10872
79699848,866328313,神秘数字,Java,答案错误,2025/10/18 16:24,,39,10688
79699856,866328313,神秘数字,Java,答案错误,2025/10/18 16:24,,38,10732
79699865,866328313,神秘数字,Java,答案错误,2025/10/18 16:25,,41,10796
79699898,866328313,神秘数字,Java,答案错误,2025/10/18 16:26,,43,10896
79699913,866328313,神秘数字,Java,答案错误,2025/10/18 16:26,,40,10688
79699975,866328313,神秘数字,Java,答案错误,2025/10/18 16:29,,40,10760
79699982,866328313,神秘数字,Java,答案错误,2025/10/18 16:29,,40,10828
79700000,826800218,歪数,G++,答案错误,2025/10/18 16:30,,3,416
79700108,826800218,歪数,G++,答案错误,2025/10/18 16:35,,3,440
79700242,868911163,DidUKnow?,C++,答案错误,2025/10/18 16:40,,3,416
79700247,868911163,DidUKnow?,C++,答案错误,2025/10/18 16:41,,3,436
79700255,868911163,DidUKnow?,C++,答案错误,2025/10/18 16:41,,3,396
79700266,868911163,DidUKnow?,C++,答案错误,2025/10/18 16:42,,3,428
79700268,826800218,歪数,G++,答案正确,2025/10/18 16:42,,4,476
79700290,826800218,歪数,G++,答案正确,2025/10/18 16:43,,3,424
79700300,868911163,DidUKnow?,C++,答案错误,2025/10/18 16:43,,3,544
79700328,868911163,DidUKnow?,C++,答案错误,2025/10/18 16:44,,3,396
79700332,868911163,DidUKnow?,C++,答案错误,2025/10/18 16:44,,4,428
79700365,868911163,DidUKnow?,C++,答案错误,2025/10/18 16:46,,4,424
79700408,866328313,神秘数字,Java,答案错误,2025/10/18 16:48,,39,10936
79700416,866328313,神秘数字,Java,答案错误,2025/10/18 16:48,,38,10716
79700430,866328313,神秘数字,Java,答案错误,2025/10/18 16:49,,38,10756
79700436,866328313,神秘数字,Java,答案错误,2025/10/18 16:50,,37,10976
79700437,866328313,神秘数字,Java,答案错误,2025/10/18 16:50,,39,10700
79700441,868911163,DidUKnow?,C++,答案错误,2025/10/18 16:50,,3,408
79700563,868911163,DidUKnow?,C++,答案错误,2025/10/18 16:56,,3,416
79700654,135616809,神秘计数,Python 3,答案正确,2025/10/18 17:00,,69,5828
79700663,135616809,神秘计数,Python 3,答案正确,2025/10/18 17:01,,65,5700
79700785,372305433,神秘博弈（HardVerson),C++,答案错误,2025/10/18 17:07,,852,10100
79700817,372305433,神秘博弈（HardVerson),C++,答案错误,2025/10/18 17:09,,313,6264
79700821,866328313,神秘数字,Java,答案错误,2025/10/18 17:09,,40,10796
79700822,866328313,神秘数字,Java,答案错误,2025/10/18 17:09,,38,10716
79700831,868911163,DidUKnow?,C++,答案正确,2025/10/18 17:10,,11,428
79700980,372305433,神秘博弈（HardVerson),C++,答案错误,2025/10/18 17:17,,1194,10044
79701055,372305433,神秘博弈（HardVerson),C++,答案错误,2025/10/18 17:22,,283,6284
79701079,372305433,神秘博弈（HardVerson),C++,答案错误,2025/10/18 17:23,,307,6268
79701100,372305433,神秘博弈（HardVerson),C++,答案错误,2025/10/18 17:25,,319,6688
79701145,868911163,神秘计数,C++,答案错误,2025/10/18 17:27,,4,660
79701252,868911163,神秘计数,C++,答案错误,2025/10/18 17:33,,4,628
79701278,372305433,神秘博弈（HardVerson),C++,答案错误,2025/10/18 17:34,,1474,3552
79701307,868911163,神秘计数,C++,答案错误,2025/10/18 17:36,,5,580
79701328,868911163,神秘计数,C++,答案错误,2025/10/18 17:38,,4,528
79701341,868911163,神秘计数,C++,段错误,2025/10/18 17:39,,3,572
79701379,868911163,神秘计数,C++,答案错误,2025/10/18 17:41,,3,544
79701384,868911163,神秘计数,C++,段错误,2025/10/18 17:41,,4,552
79701520,868911163,神秘计数,C++,段错误,2025/10/18 17:51,,3,672
79701654,868911163,神秘计数,C++,答案正确,2025/10/18 17:58,,3,620
79701657,868911163,神秘计数,C++,段错误,2025/10/18 17:58,,3,520
79701662,868911163,神秘计数,C++,答案正确,2025/10/18 17:58,,4,652
79702072,866328313,神秘数字,Java,答案错误,2025/10/18 18:20,,40,10724
79702076,866328313,神秘数字,Java,答案错误,2025/10/18 18:20,,39,10864
79702098,110872932,神秘数字,C++,答案正确,2025/10/18 18:22,,4,428
79702111,866328313,神秘数字,Java,答案正确,2025/10/18 18:23,,39,10696
79703326,408689677,不神秘签到,C,编译错误,2025/10/18 19:29,,0,0
79703332,408689677,不神秘签到,C,答案正确,2025/10/18 19:30,,2,260
79704995,372305433,神秘博弈（HardVerson),C++,答案错误,2025/10/18 20:33,,1474,3344
79705274,917975255,不神秘签到,C++,答案正确,2025/10/18 20:44,,2,320
79705388,917975255,DidUKnow?,C++,答案正确,2025/10/18 20:49,,41,1700
79705391,915201552,不神秘签到,C++,答案正确,2025/10/18 20:49,,3,396
79705465,917975255,神秘计数,C++,答案错误,2025/10/18 20:52,,4,500
79705488,917975255,神秘计数,C++,答案错误,2025/10/18 20:53,,4,500
79705532,917975255,神秘计数,C++,答案错误,2025/10/18 20:54,,4,448
79705589,917975255,神秘计数,C++,答案正确,2025/10/18 20:57,,3,676
79705626,917975255,神秘计数,C++,答案正确,2025/10/18 20:59,,4,508
79705685,917975255,神秘博弈（EasyVerson),C++,答案错误,2025/10/18 21:02,,3,488
79705740,917975255,神秘博弈（EasyVerson),C++,答案错误,2025/10/18 21:04,,4,460
79705767,917975255,神秘博弈（EasyVerson),C++,答案错误,2025/10/18 21:06,,3,412
79705785,915201552,神秘计数,C++,答案错误,2025/10/18 21:06,,2,432
79705821,915201552,神秘计数,C++,答案错误,2025/10/18 21:08,,3,568
79705836,915201552,神秘计数,C++,答案错误,2025/10/18 21:09,,3,496
79705838,915201552,神秘计数,C++,答案错误,2025/10/18 21:09,,3,452
79705855,915201552,神秘计数,C++,答案错误,2025/10/18 21:09,,3,560
79705889,915201552,神秘计数,C++,答案错误,2025/10/18 21:11,,3,528
79706056,915201552,神秘计数,C++,答案错误,2025/10/18 21:18,,3,512
79706137,917975255,神秘博弈（EasyVerson),C++,运行超时,2025/10/18 21:22,,1001,0
79706147,917975255,神秘博弈（EasyVerson),C++,运行超时,2025/10/18 21:23,,1001,0
79706177,917975255,神秘博弈（EasyVerson),C++,运行超时,2025/10/18 21:24,,1001,0
79706196,917975255,神秘博弈（EasyVerson),C++,运行超时,2025/10/18 21:25,,1001,0
79706250,917975255,神秘博弈（EasyVerson),C++,答案错误,2025/10/18 21:28,,3,412
79706254,917975255,神秘博弈（EasyVerson),C++,答案正确,2025/10/18 21:29,,3,460
79706296,917975255,神秘博弈（EasyVerson),C++,答案正确,2025/10/18 21:31,,3,420
79706311,917975255,神秘博弈（HardVerson),C++,答案错误,2025/10/18 21:31,,1946,13116
79706439,915201552,神秘博弈（EasyVerson),C++,答案错误,2025/10/18 21:37,,3,400
79706660,915201552,神秘计数,C++,答案错误,2025/10/18 21:50,,107,652
79706663,915201552,神秘计数,C++,答案错误,2025/10/18 21:50,,99,564
79708294,915201552,神秘博弈（EasyVerson),C++,答案错误,2025/10/19 0:09,,3,524
79708298,915201552,神秘计数,C++,答案错误,2025/10/19 0:09,,97,620
79708351,294413613,神秘博弈（EasyVerson),C++,答案错误,2025/10/19 0:14,,3,444
79708394,294413613,神秘博弈（EasyVerson),C++,答案错误,2025/10/19 0:20,,3,436
79708407,294413613,神秘博弈（EasyVerson),C++,答案错误,2025/10/19 0:22,,3,412
79708416,294413613,神秘博弈（EasyVerson),C++,答案错误,2025/10/19 0:23,,4,400
79708441,294413613,神秘博弈（EasyVerson),C++,答案错误,2025/10/19 0:26,,4,416
79708456,294413613,神秘博弈（EasyVerson),C++,答案错误,2025/10/19 0:27,,3,404
79708529,294413613,神秘博弈（EasyVerson),C++,答案正确,2025/10/19 0:36,,95,15256
79708562,294413613,神秘博弈（EasyVerson),C++,格式错误,2025/10/19 0:41,,95,15280
79708566,294413613,神秘博弈（EasyVerson),C++,答案正确,2025/10/19 0:42,,88,15288
79708576,294413613,神秘博弈（EasyVerson),C++,答案正确,2025/10/19 0:43,,23,436
79708583,294413613,神秘博弈（EasyVerson),C++,答案错误,2025/10/19 0:45,,3,408
79708604,294413613,神秘博弈（EasyVerson),C++,答案错误,2025/10/19 0:48,,3,404
79708670,294413613,神秘字符串,C++,答案错误,2025/10/19 1:10,,4,440
79708690,294413613,神秘字符串,C++,答案正确,2025/10/19 1:16,,3,404
79708727,294413613,神秘博弈（HardVerson),C++,答案错误,2025/10/19 1:31,,1446,6912
79711724,294413613,歪数,C++,答案错误,2025/10/19 11:32,,4,1272
79711754,294413613,歪数,C++,答案正确,2025/10/19 11:34,,5,1184
79715227,876110379,不神秘签到,C,答案正确,2025/10/19 13:41,,2,300
79752902,876736250,DidUKnow?,C++,答案错误,2025/10/19 19:18,,4,412
79753238,876736250,DidUKnow?,C++,答案正确,2025/10/19 19:20,,40,448
79766072,876736250,神秘字符串,C++,答案正确,2025/10/19 20:17,,3,420
79785582,456764805,不神秘签到,C++,答案正确,2025/10/20 12:52,,2,296
79785586,456764805,不神秘签到,C++,答案正确,2025/10/20 12:52,,2,384
79794333,917975255,神秘博弈（EasyVerson),C++,答案正确,2025/10/20 19:41,,3,420
79795115,917975255,神秘煎饼,C++,答案错误,2025/10/20 19:56,,3,464
79795192,917975255,神秘煎饼,C++,答案正确,2025/10/20 19:58,,3,452
79795573,917975255,神秘煎饼,C++,答案错误,2025/10/20 20:05,,2,528
79795606,917975255,神秘煎饼,C++,答案错误,2025/10/20 20:05,,2,476
79795658,917975255,神秘煎饼,C++,答案正确,2025/10/20 20:06,,3,512
79795702,917975255,神秘博弈（HardVerson),C++,答案正确,2025/10/20 20:07,,1603,6776
79798149,917975255,歪数,C++,答案正确,2025/10/20 20:59,,13,528
79803141,362608420,不神秘签到,C++,编译错误,2025/10/21 8:43,,0,0
79803142,362608420,不神秘签到,C++,答案正确,2025/10/21 8:43,,2,300
79803334,362608420,神秘计数,C++,答案正确,2025/10/21 9:12,,3,552
79803551,362608420,DidUKnow?,C++,答案正确,2025/10/21 9:35,,11,424
79803734,362608420,DidUKnow?,C++,答案正确,2025/10/21 9:59,,12,408
79804222,362608420,神秘计数,C++,编译错误,2025/10/21 10:58,,0,0
79804240,362608420,神秘计数,C++,段错误,2025/10/21 11:00,,4,476
79804245,362608420,神秘计数,C++,段错误,2025/10/21 11:01,,3,528
79804252,362608420,神秘计数,C++,段错误,2025/10/21 11:01,,3,520
79804254,362608420,神秘计数,C++,段错误,2025/10/21 11:01,,3,444
79804297,362608420,神秘计数,C++,答案正确,2025/10/21 11:05,,4,712
79810068,362608420,神秘博弈（EasyVerson),C++,答案错误,2025/10/21 17:37,,3,400
79810181,362608420,神秘博弈（EasyVerson),C++,答案正确,2025/10/21 17:43,,13,432
79810214,362608420,神秘博弈（HardVerson),C++,运行超时,2025/10/21 17:45,,2001,0
79810232,362608420,神秘博弈（HardVerson),C++,运行超时,2025/10/21 17:46,,2001,0
79814151,362608420,神秘博弈（EasyVerson),C++,答案正确,2025/10/21 20:24,,3,532
79814227,362608420,神秘博弈（EasyVerson),C++,运行超时,2025/10/21 20:26,,1001,0
79814318,362608420,神秘博弈（EasyVerson),C++,答案正确,2025/10/21 20:28,,3,396
79908047,989693912,神秘数字,C++,答案错误,2025/10/24 21:18,,2,440
79908064,989693912,神秘数字,C++,答案错误,2025/10/24 21:18,,3,428
79908079,989693912,神秘数字,C++,答案错误,2025/10/24 21:18,,3,408
79908127,989693912,神秘数字,C++,答案错误,2025/10/24 21:19,,3,424
79908166,989693912,神秘数字,C++,答案错误,2025/10/24 21:19,,3,424
79916729,698535729,DidUKnow?,C,答案正确,2025/10/25 10:58,,12,332
79917346,698535729,神秘计数,C,答案错误,2025/10/25 11:18,,4,512
79917427,698535729,神秘计数,C,答案正确,2025/10/25 11:21,,3,516
80038224,165482471,不神秘签到,C,答案错误,2025/10/29 19:53,,2,328
80038254,165482471,不神秘签到,C,答案正确,2025/10/29 19:54,,1,188
80038931,165482471,DidUKnow?,C++,答案正确,2025/10/29 20:02,,41,452
80040008,165482471,神秘计数,C++,答案正确,2025/10/29 20:15,,5,644
80040932,165482471,神秘博弈（EasyVerson),C++,答案错误,2025/10/29 20:28,,3,396
80041439,165482471,神秘博弈（EasyVerson),C++,答案错误,2025/10/29 20:35,,3,432
80041449,165482471,神秘博弈（EasyVerson),C++,答案错误,2025/10/29 20:36,,3,416
80041544,165482471,神秘博弈（EasyVerson),C++,答案错误,2025/10/29 20:37,,3,400
80041672,165482471,神秘博弈（EasyVerson),C++,答案错误,2025/10/29 20:39,,3,448
80041773,165482471,神秘博弈（EasyVerson),C++,答案错误,2025/10/29 20:40,,3,396
80042040,165482471,神秘博弈（EasyVerson),C++,答案错误,2025/10/29 20:44,,3,416
80042198,165482471,神秘博弈（EasyVerson),C++,答案错误,2025/10/29 20:47,,3,400
80042511,165482471,神秘博弈（HardVerson),C++,答案错误,2025/10/29 20:52,,3,428
80042539,165482471,神秘博弈（EasyVerson),C++,答案错误,2025/10/29 20:52,,3,404
80042603,165482471,神秘博弈（EasyVerson),C++,答案错误,2025/10/29 20:53,,3,448
80042893,165482471,神秘博弈（EasyVerson),C++,答案正确,2025/10/29 20:58,,3,392
80042902,165482471,神秘博弈（HardVerson),C++,答案错误,2025/10/29 20:58,,1820,5144
80042931,165482471,神秘博弈（HardVerson),C++,答案错误,2025/10/29 20:58,,1454,3512
80042999,165482471,神秘博弈（HardVerson),C++,运行超时,2025/10/29 20:59,,2001,0
80043465,165482471,神秘煎饼,C++,答案错误,2025/10/29 21:12,,3,448
80043707,165482471,神秘煎饼,C++,答案错误,2025/10/29 21:18,,3,460
80043720,165482471,神秘煎饼,C++,答案错误,2025/10/29 21:18,,3,508
80043756,165482471,神秘煎饼,C++,答案错误,2025/10/29 21:19,,3,480
80043801,165482471,神秘煎饼,C++,编译错误,2025/10/29 21:20,,0,0
80043807,165482471,神秘煎饼,C++,答案错误,2025/10/29 21:20,,3,444
80043810,165482471,神秘煎饼,C++,答案错误,2025/10/29 21:20,,3,520
80043849,165482471,神秘煎饼,C++,答案错误,2025/10/29 21:21,,3,516
80043872,165482471,神秘煎饼,C++,答案错误,2025/10/29 21:22,,4,528
80043956,165482471,神秘煎饼,C++,答案错误,2025/10/29 21:24,,3,524
80044157,165482471,神秘煎饼,C++,编译错误,2025/10/29 21:28,,0,0
80044164,165482471,神秘煎饼,C++,编译错误,2025/10/29 21:29,,0,0
80044172,165482471,神秘煎饼,C++,答案正确,2025/10/29 21:29,,3,492
